userId,cardId,category_score,domestic_fee
1.0,4.0,3.5,47000.0
2.0,71.0,3.5999999999999996,7000.0
3.0,71.0,4.25,7000.0
4.0,71.0,2.5,7000.0
5.0,17.0,2.0,0.0
6.0,19.0,4.0,0.0
7.0,17.0,2.0,0.0
8.0,4.0,3.666666666666667,47000.0
9.0,4.0,2.4,47000.0
10.0,4.0,3.571428571428571,47000.0
